Relevance,Explanation
RELEVANT,"The generated answer is relevant as it provides the correct syntax for using the `precision_recall_fscore_support` function from the Scikit-learn library in Python, along with descriptions of the input parameters and returned values."
PARTLY_RELEVANT,"The generated answer provides some useful information about handling pickle errors and using waitress, such as putting the custom column transformer class into a separate module and importing it in both scripts, and avoiding using dashes in the application name when running waitress-serve. However, it does not directly answer the question about how to modify scripts to avoid pickle errors when using waitress. The information provided is somewhat relevant to the question but does not directly address the issue at hand."
RELEVANT,"The generated answer is relevant as it provides the correct command to launch a container image in interactive mode, which is 'docker run -it --entrypoint bash <image>'. Additionally, it explains the purpose of the command, making it more informative and useful for the user."
RELEVANT,"The generated answer directly addresses the question by confirming that a pull request for homework solutions using Pytorch can be made. It also provides context that while the main deep learning framework used is Keras, contributors are welcome to submit Pytorch equivalents for lessons and homework."
PARTLY_RELEVANT,"The answer discusses a potential cause of pip version errors, specifically a version conflict in Scikit-Learn, which is relevant. However, the answer does not specifically mention the 'serverless deep learning section' from the question, making it only partly relevant."
RELEVANT,The generated answer is relevant as it provides the correct command 'kubectl get hpa' to check the HPA status after editing the metrics-server.
PARTLY_RELEVANT,"The generated answer is partially relevant because it correctly provides the command to check the AWS CLI version. However, it does not provide information on how to determine if the version is compatible with eksctl specifically. It only mentions that eksctl is compatible with AWS CLI v2, without explaining how to verify this."
PARTLY_RELEVANT,"The generated answer discusses factors that can influence accuracy values, such as the way of splitting data, calculating differences, and treating predicted values. However, it does not directly mention one main reason for different accuracy values, making it partially relevant."
RELEVANT,"The generated answer is relevant to the question as it provides a solution for what to do if the REMOTE_URI variable is lost after a session ends. It explains how to manually set the variable again in the terminal, verifying its correctness, and acknowledges that the variable will only be available in the current terminal session."
RELEVANT,"The generated answer directly provides the location of the script for generating the Kitchenware Classification Competition dataset, making it relevant to the question asked."
RELEVANT,"The generated answer directly addresses the question about the solution for the TensorFlow Serving error on an Apple M1 Mac. It provides a specific solution involving the use of the bitnami/tensorflow-serving base image, demonstrating relevance to the question."
NON_RELEVANT,"The generated answer does not address the question regarding resolving the 'NotSupportedError' in section 5. Instead, it provides a solution for a different error (TypeError) in a different section (10.3)."
RELEVANT,"The generated answer directly addresses the question by providing the name of the person who added the solution for fixing the 'Failed to find data adapter' error in the Keras model training. It also provides additional context about the course, which further supports its relevance."
RELEVANT,"The generated answer directly addresses the question by providing the first step to install 'kind' through 'choco'. It explains the need to install the 'choco' library first, and provides the command to do so in a PowerShell terminal with administrator privilege."
RELEVANT,"The generated answer provides a method to fetch data for homework using the requests library, which is directly related to the question asked. It includes a code snippet that demonstrates how to download a CSV file from a specified URL and save it to a local directory. This is a relevant and accurate response."
RELEVANT,The generated answer is relevant as it directly answers the question by explaining how to use the mean_squared_error function from sklearn.metrics to compute RMSE in one step.
RELEVANT,"The generated answer provides direct links to the AWS documentation that explains how Lambda functions are initialized. It also credits the source of the information, making it highly relevant to the given question."
RELEVANT,The generated answer fully addresses the question by providing two methods to read data from a GitHub URL using pandas. It explains the potential issue with backslashes in Windows and offers an alternative approach using the requests library.
RELEVANT,"The generated answer directly addresses the issue of missing values ending up in the training dataframe when using a random seed of 42, and provides a reason for this occurrence (consistent behavior in random splitting). It also mentions the importance of handling missing values consistently across all datasets, which is relevant to the issue of data leakage brought up in section 6."
RELEVANT,"The generated answer directly addresses the question by providing a clear and concise guide on how to find the materials related to the user's cohort in the Machine Learning Zoomcamp course. It includes a direct link to the syllabus section of the course page and advises the user to look for the 'cohort folder' that corresponds to their cohort's year. The answer also emphasizes the importance of checking the specific cohort's folder for any additional instructions or resources that may differ from other cohorts. The confidence level of 95% indicates that the system is highly confident in the accuracy of the answer, making it a relevant response to the question."
RELEVANT,"The generated answer provides a direct link to learn more about the California housing dataset, which is relevant to the question asked. It also includes additional information about loading the data into a pandas dataframe and troubleshooting steps for downloading the dataset, which further adds to its relevance."
RELEVANT,"The generated answer is relevant as it accurately identifies and explains the bagging and boosting algorithms taught in the course 'machine-learning-zoomcamp'. It specifies that Random Forest represents bagging and XGBoost represents boosting, which directly answers the question."
RELEVANT,The generated answer directly addresses the question by providing the name of the person who contributed the information about using metrics on a series or dataframe in section 4.
RELEVANT,"The generated answer provides a directly relevant video on the normal form derivation for regression, as well as additional resources for a deeper understanding. The video link is functional, and the recommended resources are also relevant to the question."
RELEVANT,"The generated answer directly addresses the question by confirming that Google Cloud Platform (GCP) does offer free services for a long period. It provides specific examples, such as the provision of a microinstance, and encourages the user to consult official documentation for detailed and current information. The answer is relevant and informative."
RELEVANT,"The generated answer is relevant to the question as it directly provides a guide for using Docker in Google Colab, fulfilling the user's request."
PARTLY_RELEVANT,"The generated answer provides the import command for mean_squared_error from sklearn.metrics, which is a step towards calculating RMSE. However, it does not directly give the import command for RMSE calculation. To calculate RMSE, an additional step of taking the square root of mean_squared_error is required."
NON_RELEVANT,The generated answer does not provide any information regarding an alternative command for configuring a region if it is set by default when using the AWS CLI. It explains that the context does not have the required information and mentions other unrelated topics.
RELEVANT,The generated answer is relevant as it correctly identifies the `std()` function in pandas for computing standard deviation from a series and provides examples of its usage. It also explains the default use of sample standard deviation and the option to change it to population standard deviation using the `ddof` parameter.
RELEVANT,The generated answer directly addresses the question by providing the default value for the number of workers in the fit function and citing the course FAQ database as its source. The information provided is accurate and relevant to the question asked.
RELEVANT,The generated answer directly addresses the issue presented in the question by suggesting to add the compile=False argument to the load_model function when loading the model. This solution is relevant because it helps to avoid the optimizer error when loading a Keras model *.h5.
RELEVANT,"The generated answer directly addresses the question of how to verify the results of one's own code for evaluation metrics. It provides a detailed explanation and examples of using various scikit-learn functions such as accuracy_score, precision_score, recall_score, f1_score, roc_auc_score, and classification_report to calculate corresponding evaluation metrics. The confidence level (85%) also indicates a high likelihood of the answer's accuracy."
RELEVANT,"The generated answer is relevant to the question as it discusses the use of regularization techniques in machine learning. It explains that the use of these techniques depends on the specific situation and problem, and provides factors to consider when deciding whether or not to use regularization. The answer also briefly mentions the Scikit-Learn functions for linear regression with and without regularization, and touches on the topic of feature selection. Overall, the answer provides valuable information related to the question asked."
RELEVANT,"The generated answer describes the role of `np.sign` in determining the intercept between precision and recall curves, which is to identify the index (or indices) where the sign of the difference between precision and recall changes. This is done by using `np.diff` and `np.sign` from the numpy library on the numpy arrays of 'precision' and 'recall' columns of the `df_scores` dataframe. The intercept threshold value can then be obtained from the `df_scores` dataframe using the identified index (or indices). The answer is relevant as it accurately explains the role of `np.sign` in this context."
RELEVANT,"The generated answer provides multiple relevant solutions to the issue of running out of storage due to building many Docker images. It suggests using 'docker rmi' and 'docker system prune' commands to remove unused and superseded images, freeing up occupied storage space. It also recommends using the '--rm' flag when running Docker containers to remove containers upon exit and prevent accumulation of stopped containers. Lastly, it explains how to check the size of a specific Docker image. Each of these suggestions is directly related to managing Docker image storage efficiently."
RELEVANT,"The generated answer correctly states that folders are read in alphabetical order when determining numeric class labels in flow_from_directory in TensorFlow. It also explains that the folder name is used as the class name and a new folder with a different name will be considered as a different class, which is relevant to the question."
RELEVANT,The generated answer directly addresses the question about modifying a file to fix Docker's DNS settings by providing the correct file (/etc/docker/daemon.json) and the necessary JSON configuration. It also provides the additional step of restarting the Docker services.
RELEVANT,"The generated answer directly addresses the question by stating that there is no specific number of models required for the midterm. It also provides additional context from the CONTEXT about how many models should be trained, making it a relevant response."
RELEVANT,"The generated answer directly explains why a threshold of 1.0 results in FPR being 0.0 by describing the nature of the sigmoid function g(x), which always produces values between 0 and 1. This means that no objects can satisfy the churn condition (g(x) >= 1.0) when the threshold is set to 1.0, leading to no false positives and a 0.0 FPR."
RELEVANT,"The generated answer is relevant as it correctly identifies the pandas method for calculating the standard deviation of a series as `std()`. It also provides examples of how to use this method for both a single series and multiple columns, as well as noting the difference in behavior compared to Numpy's `std()` function."
RELEVANT,The generated answer directly addresses the question about not including df_train_full for the correlation matrix task by providing clear and specific reasons such as avoiding conclusions based on the validation data and maintaining consistency with the train dataset.
RELEVANT,"The generated answer provides a detailed set of instructions on how to set up a Conda environment, which directly addresses the question asked. It includes steps for installing Conda if not already present, creating an environment, activating it, and exporting the environment to a YAML file. The answer also goes beyond the strict requirements of the question by suggesting useful additional steps related to the project, such as providing a train.py file and setting up Conda in VS Code."
RELEVANT,"The generated answer provides a detailed explanation of how to fix a ValueError related to feature names when using XGBoost. It suggests checking if the feature names are a list of strings without disallowed characters, converting them to a list if they are currently a numpy.ndarray, replacing problematic characters with supported characters, and removing disallowed characters using regular expressions. The answer directly addresses the problem presented in the question, making it relevant."
PARTLY_RELEVANT,"The answer describes a way to resolve the 'Cannot connect to the Docker daemon' issue on WSL, but it is specifically tied to the machine-learning-zoomcamp course and recommends enabling additional distros. This might not be the only solution and may not be applicable to all situations. Hence, it is partially relevant."
RELEVANT,The generated answer directly addresses the question by stating that it is not mandatory to complete the midterm project for the certificate in the 'machine-learning-zoomcamp' course. It also provides additional context on the alternative requirements to obtain the certificate.
RELEVANT,The generated answer directly addresses the question by providing the correct command to start the Docker daemon on Linux. The answer also includes a helpful explanation regarding the use of systemctl and potential differences based on the Linux distribution used.
RELEVANT,"The generated answer directly addresses the question by providing information on the eligibility criteria for certification. It clarifies that missing the midterm project does not affect eligibility, as long as the other requirements are met. This is relevant to the question asked."
RELEVANT,"The generated answer is relevant as it provides the correct command to install `md5sum` on a Mac using Homebrew, and also gives an example of how to use the installed `md5sum` tool. The answer fully addresses the question asked."
RELEVANT,The generated answer provides two relevant methods for transferring files to a Docker container from a local machine. The `docker cp` command and the COPY instruction in the Dockerfile are both appropriate solutions for the question asked.
PARTLY_RELEVANT,"The generated answer does not directly address the question about a YouTube video covering Evaluation Metrics for Classification in the 'machine-learning-zoomcamp' course. However, it does provide relevant information about obtaining classification metrics using scikit-learn and visualizing these metrics using Yellowbrick, which is partially relevant to the original question."
